{"root":[{"assemblyName":"Assembly-CSharp","nameSpace":"Mirror","className":"GeneratedNetworkCode","methodName":"InitReadWriters","loadTypes":1,"isUnityClass":false},{"assemblyName":"Mirror","nameSpace":"Mirror","className":"NetworkClient","methodName":"Shutdown","loadTypes":1,"isUnityClass":false},{"assemblyName":"Mirror","nameSpace":"Mirror","className":"NetworkDiagnostics","methodName":"ResetStatics","loadTypes":0,"isUnityClass":false},{"assemblyName":"Mirror","nameSpace":"Mirror","className":"NetworkIdentity","methodName":"ResetStatics","loadTypes":1,"isUnityClass":false},{"assemblyName":"Mirror","nameSpace":"Mirror","className":"NetworkLoop","methodName":"ResetStatics","loadTypes":1,"isUnityClass":false},{"assemblyName":"Mirror","nameSpace":"Mirror","className":"NetworkLoop","methodName":"RuntimeInitializeOnLoad","loadTypes":1,"isUnityClass":false},{"assemblyName":"Mirror","nameSpace":"Mirror","className":"NetworkManager","methodName":"ResetStatics","loadTypes":1,"isUnityClass":false},{"assemblyName":"Mirror","nameSpace":"Mirror","className":"NetworkServer","methodName":"Shutdown","loadTypes":1,"isUnityClass":false},{"assemblyName":"Mirror","nameSpace":"Mirror","className":"NetworkTime","methodName":"ResetStatics","loadTypes":0,"isUnityClass":false},{"assemblyName":"Mirror","nameSpace":"Mirror","className":"GeneratedNetworkCode","methodName":"InitReadWriters","loadTypes":1,"isUnityClass":false},{"assemblyName":"Unity.VisualScripting.Core","nameSpace":"Unity.VisualScripting","className":"RuntimeVSUsageUtility","methodName":"RuntimeInitializeOnLoadBeforeSceneLoad","loadTypes":1,"isUnityClass":true},{"assemblyName":"Unity.2D.Animation.Runtime","nameSpace":"","className":"$BurstDirectCallInitializer","methodName":"Initialize","loadTypes":2,"isUnityClass":true},{"assemblyName":"Mirror.Authenticators","nameSpace":"Mirror","className":"GeneratedNetworkCode","methodName":"InitReadWriters","loadTypes":1,"isUnityClass":false},{"assemblyName":"Mirror.Components","nameSpace":"Mirror","className":"GeneratedNetworkCode","methodName":"InitReadWriters","loadTypes":1,"isUnityClass":false}]}
